{
	"info": {
		"_postman_id": "acfde5cb-d13e-4620-838f-8444e1b06297",
		"name": "ServiceNow",
		"schema": "https://schema.getpostman.com/json/collection/v2.1.0/collection.json"
	},
	"item": [
		{
			"name": "Incidents",
			"item": [
				{
					"name": "Get all Incident Info",
					"request": {
						"auth": {
							"type": "oauth2",
							"oauth2": [
								{
									"key": "accessToken",
									"value": "cjaVCQa3mqjG0SzbUy1H-tPE97qP051dFbKxVleyIzz9Ay9rNhK9mGU3Fw3oLxgh_Fd-fEP0p8Ko8B_QAmqBtQ",
									"type": "string"
								},
								{
									"key": "tokenType",
									"value": "Bearer",
									"type": "string"
								},
								{
									"key": "addTokenTo",
									"value": "header",
									"type": "string"
								}
							]
						},
						"method": "GET",
						"header": [
							{
								"key": "Accept",
								"value": "application/xml",
								"type": "text",
								"disabled": true
							}
						],
						"body": {
							"mode": "raw",
							"raw": ""
						},
						"url": {
							"raw": "https://dev38211.service-now.com/api/now/table/change_request",
							"protocol": "https",
							"host": [
								"dev38211",
								"service-now",
								"com"
							],
							"path": [
								"api",
								"now",
								"table",
								"change_request"
							],
							"query": [
								{
									"key": "number",
									"value": "INC0010002",
									"disabled": true
								}
							]
						}
					},
					"response": []
				},
				{
					"name": "Create a new Incident",
					"request": {
						"auth": {
							"type": "oauth2",
							"oauth2": [
								{
									"key": "accessToken",
									"value": "cjaVCQa3mqjG0SzbUy1H-tPE97qP051dFbKxVleyIzz9Ay9rNhK9mGU3Fw3oLxgh_Fd-fEP0p8Ko8B_QAmqBtQ",
									"type": "string"
								},
								{
									"key": "addTokenTo",
									"value": "header",
									"type": "string"
								}
							]
						},
						"method": "POST",
						"header": [
							{
								"key": "Content-Type",
								"name": "Content-Type",
								"value": "application/json",
								"type": "text"
							}
						],
						"body": {
							"mode": "raw",
							"raw": "{\n\t\"short_description\" : \"This is Babu's test data\",\n\t \"category\": \"network\"\n}"
						},
						"url": {
							"raw": "https://dev38211.service-now.com/api/now/table/incident?sysparm_fields=sys_id, number",
							"protocol": "https",
							"host": [
								"dev38211",
								"service-now",
								"com"
							],
							"path": [
								"api",
								"now",
								"table",
								"incident"
							],
							"query": [
								{
									"key": "sysparm_fields",
									"value": "sys_id, number"
								}
							]
						},
						"description": "With no mandatory fields"
					},
					"response": []
				},
				{
					"name": "Delete an Incident",
					"request": {
						"auth": {
							"type": "oauth2",
							"oauth2": [
								{
									"key": "accessToken",
									"value": "cjaVCQa3mqjG0SzbUy1H-tPE97qP051dFbKxVleyIzz9Ay9rNhK9mGU3Fw3oLxgh_Fd-fEP0p8Ko8B_QAmqBtQ",
									"type": "string"
								},
								{
									"key": "addTokenTo",
									"value": "header",
									"type": "string"
								}
							]
						},
						"method": "DELETE",
						"header": [],
						"body": {
							"mode": "raw",
							"raw": ""
						},
						"url": {
							"raw": "https://dev38211.service-now.com/api/now/table/incident/77cf960f0f20730030f5cd8ce1050e6e",
							"protocol": "https",
							"host": [
								"dev38211",
								"service-now",
								"com"
							],
							"path": [
								"api",
								"now",
								"table",
								"incident",
								"77cf960f0f20730030f5cd8ce1050e6e"
							]
						}
					},
					"response": []
				},
				{
					"name": "Change Short Description (Patch)",
					"request": {
						"method": "PATCH",
						"header": [],
						"body": {
							"mode": "raw",
							"raw": ""
						},
						"url": {
							"raw": ""
						}
					},
					"response": []
				},
				{
					"name": "Change the Record (Put)",
					"request": {
						"method": "PUT",
						"header": [
							{
								"key": "Content-Type",
								"name": "Content-Type",
								"value": "application/json",
								"type": "text"
							}
						],
						"body": {
							"mode": "raw",
							"raw": "{\n\t\n\t\"short_description\" : \"Wireless and Cable Services are down\"\n\t\n}"
						},
						"url": {
							"raw": "https://dev38211.service-now.com/api/now/table/incident/e8caedcbc0a80164017df472f39eaed1",
							"protocol": "https",
							"host": [
								"dev38211",
								"service-now",
								"com"
							],
							"path": [
								"api",
								"now",
								"table",
								"incident",
								"e8caedcbc0a80164017df472f39eaed1"
							]
						}
					},
					"response": []
				}
			]
		}
	]
}